name,price,image,url,crawl_date
Khay hành lý (phần khay dưới),1.167.480,https://danang.toyota.com.vn/uploads/others/khay-hanh-ly-phan-khay-duoi-1728372187.png,https://danang.toyota.com.vn/uploads/others/khay-hanh-ly-phan-khay-duoi-1728372187.png,2026-05-14 09:26:08
Ốp bậc lên xuống 4 cửa,1.654.400,https://danang.toyota.com.vn/uploads/others/op-bac-len-xuong-4-cua-1728372345.png,https://danang.toyota.com.vn/uploads/others/op-bac-len-xuong-4-cua-1728372345.png,2026-05-14 09:26:08
Khay hành lý,2.290.680,https://danang.toyota.com.vn/uploads/others/khay-hanh-ly-1728357178.png,https://danang.toyota.com.vn/uploads/others/khay-hanh-ly-1728357178.png,2026-05-14 09:26:08
Khay đựng giày,1.583.280,https://danang.toyota.com.vn/uploads/others/khay-dung-giay-1728357254.png,https://danang.toyota.com.vn/uploads/others/khay-dung-giay-1728357254.png,2026-05-14 09:26:08
Bộ hỗ trợ khẩn cấp (PC022-0K008),3.393.360,https://danang.toyota.com.vn/uploads/others/bo-ho-tro-khan-cap-1728357336.jpg,https://danang.toyota.com.vn/uploads/others/bo-ho-tro-khan-cap-1728357336.jpg,2026-05-14 09:26:08
Bơm lốp điện tử (PC557-12001-S1),1.564.920,https://danang.toyota.com.vn/uploads/others/bom-lop-dien-tu-1728357417.jpg,https://danang.toyota.com.vn/uploads/others/bom-lop-dien-tu-1728357417.jpg,2026-05-14 09:26:08
Bọc vô lăng (đen và chỉ xám),525.960,https://danang.toyota.com.vn/uploads/others/boc-vo-lang-den-va-chi-xam-1728357512.jpg,https://danang.toyota.com.vn/uploads/others/boc-vo-lang-den-va-chi-xam-1728357512.jpg,2026-05-14 09:26:08
Bọc vô lăng (đen và xám),525.960,https://danang.toyota.com.vn/uploads/others/boc-vo-lang-den-va-xam-1728357751.jpg,https://danang.toyota.com.vn/uploads/others/boc-vo-lang-den-va-xam-1728357751.jpg,2026-05-14 09:26:08
Khay hành lý gập gọn,1.119.960,https://danang.toyota.com.vn/uploads/others/khay-hanh-ly-gap-gon-1728357931.png,https://danang.toyota.com.vn/uploads/others/khay-hanh-ly-gap-gon-1728357931.png,2026-05-14 09:26:08
Lưới khoang hành lý,308.880,https://danang.toyota.com.vn/uploads/others/luoi-khoang-hanh-ly-1728357950.jpg,https://danang.toyota.com.vn/uploads/others/luoi-khoang-hanh-ly-1728357950.jpg,2026-05-14 09:26:08
Bạt phủ xe (PC372-0D002),1.769.040,https://danang.toyota.com.vn/uploads/others/bat-phu-xe-1728357978.jpg,https://danang.toyota.com.vn/uploads/others/bat-phu-xe-1728357978.jpg,2026-05-14 09:26:08
Sạc không dây,3.789.500,https://danang.toyota.com.vn/uploads/others/sac-khong-day-1728358509.jpg,https://danang.toyota.com.vn/uploads/others/sac-khong-day-1728358509.jpg,2026-05-14 09:26:08
Phim dán chống nước kính chiếu hậu ngoài (1 bộ 2 miếng),473.040,https://danang.toyota.com.vn/uploads/others/phim-dan-chong-nuoc-kinh-chieu-hau-ngoai-1-bo-2-mieng-1728358544.jpg,https://danang.toyota.com.vn/uploads/others/phim-dan-chong-nuoc-kinh-chieu-hau-ngoai-1-bo-2-mieng-1728358544.jpg,2026-05-14 09:26:09
Hộp giữ nhiệt,8.208.200,https://danang.toyota.com.vn/uploads/others/hop-giu-nhiet-1728358570.png,https://danang.toyota.com.vn/uploads/others/hop-giu-nhiet-1728358570.png,2026-05-14 09:26:09
Đo áp suất lốp,276.100,https://danang.toyota.com.vn/uploads/others/do-ap-suat-lop-1728358650.png,https://danang.toyota.com.vn/uploads/others/do-ap-suat-lop-1728358650.png,2026-05-14 09:26:09
Bơm lốp điện tử (PZ068-00003),1.564.920,https://danang.toyota.com.vn/uploads/others/bom-lop-dien-tu-pz068-00003-1728358770.png,https://danang.toyota.com.vn/uploads/others/bom-lop-dien-tu-pz068-00003-1728358770.png,2026-05-14 09:26:09
Bộ hỗ trợ khẩn cấp (PZ081-00005),3.206.500,https://danang.toyota.com.vn/uploads/others/bo-ho-tro-khan-cap-pz081-00005-1728358828.png,https://danang.toyota.com.vn/uploads/others/bo-ho-tro-khan-cap-pz081-00005-1728358828.png,2026-05-14 09:26:09
Phim dán chống đọng nước,473.040,https://danang.toyota.com.vn/uploads/others/phim-dan-chong-dong-nuoc-1728358952.jpg,https://danang.toyota.com.vn/uploads/others/phim-dan-chong-dong-nuoc-1728358952.jpg,2026-05-14 09:26:09
Bạt phủ xe (PS372-BY001),2.189.160,https://danang.toyota.com.vn/uploads/others/bat-phu-xe-ps372-by001-1728358984.png,https://danang.toyota.com.vn/uploads/others/bat-phu-xe-ps372-by001-1728358984.png,2026-05-14 09:26:09
Camera hành trình trước,3.998.500,https://danang.toyota.com.vn/uploads/others/camera-hanh-trinh-truoc-1728359040.jpg,https://danang.toyota.com.vn/uploads/others/camera-hanh-trinh-truoc-1728359040.jpg,2026-05-14 09:26:09
Khóa lốp dự phòng (Loại PLUG),1.713.800,https://danang.toyota.com.vn/uploads/others/khoa-lop-du-phong-loai-plug-1728359075.jpg,https://danang.toyota.com.vn/uploads/others/khoa-lop-du-phong-loai-plug-1728359075.jpg,2026-05-14 09:26:09
Vè che mưa (PS162-BY006),1.420.200,https://danang.toyota.com.vn/uploads/others/ve-che-mua-1728359233.png,https://danang.toyota.com.vn/uploads/others/ve-che-mua-1728359233.png,2026-05-14 09:26:09
Ốp hõm tay nắm cửa (mạ Crôm),2.017.440,https://danang.toyota.com.vn/uploads/others/op-hom-tay-nam-cua-ma-crom-1728359255.jpg,https://danang.toyota.com.vn/uploads/others/op-hom-tay-nam-cua-ma-crom-1728359255.jpg,2026-05-14 09:26:09
Vè che mưa (mạ Crôm),2.910.600,https://danang.toyota.com.vn/uploads/others/ve-che-mua-ma-crom-1728359279.jpg,https://danang.toyota.com.vn/uploads/others/ve-che-mua-ma-crom-1728359279.jpg,2026-05-14 09:26:09
Vè che mưa (PS162-BZ001),1.373.760,https://danang.toyota.com.vn/uploads/others/ve-che-mua-ps162-bz001-1728359356.jpg,https://danang.toyota.com.vn/uploads/others/ve-che-mua-ps162-bz001-1728359356.jpg,2026-05-14 09:26:10
Ốp cản trước,6.220.800,https://danang.toyota.com.vn/uploads/others/op-can-truoc-1728359384.png,https://danang.toyota.com.vn/uploads/others/op-can-truoc-1728359384.png,2026-05-14 09:26:10
Ốp cản sau,6.378.480,https://danang.toyota.com.vn/uploads/others/op-can-sau-1728359409.png,https://danang.toyota.com.vn/uploads/others/op-can-sau-1728359409.png,2026-05-14 09:26:10
Ốp hướng gió sườn xe,7.452.000,https://danang.toyota.com.vn/uploads/others/op-huong-gio-suon-xe-1728359933.png,https://danang.toyota.com.vn/uploads/others/op-huong-gio-suon-xe-1728359933.png,2026-05-14 09:26:10
Biểu tượng TRD,2.360.600,https://danang.toyota.com.vn/uploads/others/bieu-tuong-trd-1728359958.png,https://danang.toyota.com.vn/uploads/others/bieu-tuong-trd-1728359958.png,2026-05-14 09:26:10
Logo TRD,677.160,https://danang.toyota.com.vn/uploads/others/logo-trd-1728359976.png,https://danang.toyota.com.vn/uploads/others/logo-trd-1728359976.png,2026-05-14 09:26:10
Mi che mưa,1.341.360,https://danang.toyota.com.vn/uploads/others/mi-che-mua-1728359994.png,https://danang.toyota.com.vn/uploads/others/mi-che-mua-1728359994.png,2026-05-14 09:26:10
Ốp trang trí sườn xe,1.377.000,https://danang.toyota.com.vn/uploads/others/op-trang-tri-suon-xe-1728360023.png,https://danang.toyota.com.vn/uploads/others/op-trang-tri-suon-xe-1728360023.png,2026-05-14 09:26:10
Tem dán sườn xe (màu Đen),677.160,https://danang.toyota.com.vn/uploads/others/tem-dan-suon-xe-mau-den-1728360043.png,https://danang.toyota.com.vn/uploads/others/tem-dan-suon-xe-mau-den-1728360043.png,2026-05-14 09:26:10
Tem dán sườn xe (màu Ghi),677.160,https://danang.toyota.com.vn/uploads/others/tem-dan-suon-xe-mau-ghi-1728360063.png,https://danang.toyota.com.vn/uploads/others/tem-dan-suon-xe-mau-ghi-1728360063.png,2026-05-14 09:26:10
Ốp cản trước (P5154-BZA0Q-00),2.781.864,https://danang.toyota.com.vn/uploads/others/op-can-truoc-p5154-bza0q-00-1728363576.jpg,https://danang.toyota.com.vn/uploads/others/op-can-truoc-p5154-bza0q-00-1728363576.jpg,2026-05-14 09:26:10
Ốp hướng gió sườn xe (P5156-BZA0A-00),3.041.712,https://danang.toyota.com.vn/uploads/others/op-huong-gio-suon-xe-p5156-bza0a-00-1728363612.jpg,https://danang.toyota.com.vn/uploads/others/op-huong-gio-suon-xe-p5156-bza0a-00-1728363612.jpg,2026-05-14 09:26:10
Ốp cản sau (P5158-BZA0N-00),2.858.328,https://danang.toyota.com.vn/uploads/others/op-can-sau-p5158-bza0n-00-1728363654.jpg,https://danang.toyota.com.vn/uploads/others/op-can-sau-p5158-bza0n-00-1728363654.jpg,2026-05-14 09:26:12
Tem dán sườn xe (P5186-BZA0X),844.344,https://danang.toyota.com.vn/uploads/others/tem-dan-suon-xe-p5186-bza0x-1728363695.png,https://danang.toyota.com.vn/uploads/others/tem-dan-suon-xe-p5186-bza0x-1728363695.png,2026-05-14 09:26:12
Vè che mưa (P5162-BZA1B),1.537.920,https://danang.toyota.com.vn/uploads/others/ve-che-mua-p5162-bza1b-1728369245.png,https://danang.toyota.com.vn/uploads/others/ve-che-mua-p5162-bza1b-1728369245.png,2026-05-14 09:26:12
Chụp ống xả,767.800,https://danang.toyota.com.vn/uploads/others/chup-ong-xa-1728369268.jpg,https://danang.toyota.com.vn/uploads/others/chup-ong-xa-1728369268.jpg,2026-05-14 09:26:12
Ốp cản trước (Chưa sơn),6.590.160,https://danang.toyota.com.vn/uploads/others/op-can-truoc-chua-son-1728369407.png,https://danang.toyota.com.vn/uploads/others/op-can-truoc-chua-son-1728369407.png,2026-05-14 09:26:12
Ốp cản sau (Chưa sơn),5.970.240,https://danang.toyota.com.vn/uploads/others/op-can-sau-chua-son-1728369427.png,https://danang.toyota.com.vn/uploads/others/op-can-sau-chua-son-1728369427.png,2026-05-14 09:26:12
Bộ ốp đèn sương mù TRD,4.513.300,https://danang.toyota.com.vn/uploads/others/bo-op-den-suong-mu-trd-1728369448.png,https://danang.toyota.com.vn/uploads/others/bo-op-den-suong-mu-trd-1728369448.png,2026-05-14 09:26:12
Ốp sườn xe TRD,4.882.680,https://danang.toyota.com.vn/uploads/others/op-suon-xe-trd-1728369483.png,https://danang.toyota.com.vn/uploads/others/op-suon-xe-trd-1728369483.png,2026-05-14 09:26:12
Logo TRD  (PZ037-0D501-TM),2.360.600,https://danang.toyota.com.vn/uploads/others/logo-trd-pz037-0d501-tm-1728369520.png,https://danang.toyota.com.vn/uploads/others/logo-trd-pz037-0d501-tm-1728369520.png,2026-05-14 09:26:12
Chụp ống xả (P5413-BZA02),1.271.160,https://danang.toyota.com.vn/uploads/others/chup-ong-xa-p5413-bza02-1728369547.png,https://danang.toyota.com.vn/uploads/others/chup-ong-xa-p5413-bza02-1728369547.png,2026-05-14 09:26:12
Vè che mưa (P5162-BZA0R),1.850.040,https://danang.toyota.com.vn/uploads/others/ve-che-mua-p5162-bza0r-1728369589.png,https://danang.toyota.com.vn/uploads/others/ve-che-mua-p5162-bza0r-1728369589.png,2026-05-14 09:26:12
Bảo vệ mép cửa (4 chiếc/ Bộ),585.360,https://danang.toyota.com.vn/uploads/others/bao-ve-mep-cua-4-chiec-bo-1728369611.jpg,https://danang.toyota.com.vn/uploads/others/bao-ve-mep-cua-4-chiec-bo-1728369611.jpg,2026-05-14 09:26:12
Bảo vệ góc cửa (4 chiếc/ Bộ),341.280,https://danang.toyota.com.vn/uploads/others/bao-ve-goc-cua-4-chiec-bo-1728369636.jpg,https://danang.toyota.com.vn/uploads/others/bao-ve-goc-cua-4-chiec-bo-1728369636.jpg,2026-05-14 09:26:13
Ốp hõm tay cửa mạ Crôm,2.298.240,https://danang.toyota.com.vn/uploads/others/op-hom-tay-cua-ma-crom-1728369670.png,https://danang.toyota.com.vn/uploads/others/op-hom-tay-cua-ma-crom-1728369670.png,2026-05-14 09:26:13
Ốp hõm tay cửa mạ Crôm (chỉ có phần hõm),914.760,https://danang.toyota.com.vn/uploads/others/op-hom-tay-cua-ma-crom-chi-co-phan-hom-1728369696.png,https://danang.toyota.com.vn/uploads/others/op-hom-tay-cua-ma-crom-chi-co-phan-hom-1728369696.png,2026-05-14 09:26:13
Ốp hõm tay cửa vân Cacbon,1.220.400,https://danang.toyota.com.vn/uploads/others/op-hom-tay-cua-van-cacbon-1728369721.png,https://danang.toyota.com.vn/uploads/others/op-hom-tay-cua-van-cacbon-1728369721.png,2026-05-14 09:26:13
Phim dán bảo vệ hõm cửa,384.480,https://danang.toyota.com.vn/uploads/others/phim-dan-bao-ve-hom-cua-1728369743.png,https://danang.toyota.com.vn/uploads/others/phim-dan-bao-ve-hom-cua-1728369743.png,2026-05-14 09:26:13
Ốp sườn xe (màu Ghi),4.361.040,https://danang.toyota.com.vn/uploads/others/op-suon-xe-mau-ghi-1728369792.jpg,https://danang.toyota.com.vn/uploads/others/op-suon-xe-mau-ghi-1728369792.jpg,2026-05-14 09:26:13
Ốp hõm tay nắm cửa (mạ Crôm) (màu Ghi đậm),1.435.968,https://danang.toyota.com.vn/uploads/others/op-hom-tay-nam-cua-ma-crom-mau-ghi-dam-1728369820.jpg,https://danang.toyota.com.vn/uploads/others/op-hom-tay-nam-cua-ma-crom-mau-ghi-dam-1728369820.jpg,2026-05-14 09:26:13
Hõm tay nắm cửa dạng vân Cacbon (màu Bạc) (cao su),1.242.000,https://danang.toyota.com.vn/uploads/others/hom-tay-nam-cua-dang-van-cacbon-mau-bac-cao-su-1728369847.jpg,https://danang.toyota.com.vn/uploads/others/hom-tay-nam-cua-dang-van-cacbon-mau-bac-cao-su-1728369847.jpg,2026-05-14 09:26:13
Hõm tay nắm cửa dạng vân Cacbon (cao su),1.242.000,https://danang.toyota.com.vn/uploads/others/hom-tay-nam-cua-dang-van-cacbon-cao-su-1728369869.jpg,https://danang.toyota.com.vn/uploads/others/hom-tay-nam-cua-dang-van-cacbon-cao-su-1728369869.jpg,2026-05-14 09:26:13
Ốp sườn xe (màu Xanh biển),4.361.040,https://danang.toyota.com.vn/uploads/others/op-suon-xe-mau-xanh-bien-1728369888.jpg,https://danang.toyota.com.vn/uploads/others/op-suon-xe-mau-xanh-bien-1728369888.jpg,2026-05-14 09:26:13
Vè che mưa (PC162-0A001),1.447.200,https://danang.toyota.com.vn/uploads/others/ve-che-mua-pc162-0a001-1728369924.jpg,https://danang.toyota.com.vn/uploads/others/ve-che-mua-pc162-0a001-1728369924.jpg,2026-05-14 09:26:13
Ốp cản sau (màu Ghi),828.144,https://danang.toyota.com.vn/uploads/others/op-can-sau-mau-ghi-1728369989.jpg,https://danang.toyota.com.vn/uploads/others/op-can-sau-mau-ghi-1728369989.jpg,2026-05-14 09:26:13
Ốp cột chữ C (màu Xanh biển),2.242.080,https://danang.toyota.com.vn/uploads/others/op-cot-chu-c-mau-xanh-bien-1728370021.jpg,https://danang.toyota.com.vn/uploads/others/op-cot-chu-c-mau-xanh-bien-1728370021.jpg,2026-05-14 09:26:14
Ốp cột chữ C (màu Ghi),896.832,https://danang.toyota.com.vn/uploads/others/op-cot-chu-c-mau-ghi-1728370046.jpg,https://danang.toyota.com.vn/uploads/others/op-cot-chu-c-mau-ghi-1728370046.jpg,2026-05-14 09:26:14
Ốp cản sau (màu Xanh biển),2.070.360,https://danang.toyota.com.vn/uploads/others/op-can-sau-mau-xanh-bien-1728370067.jpg,https://danang.toyota.com.vn/uploads/others/op-can-sau-mau-xanh-bien-1728370067.jpg,2026-05-14 09:26:14
Ốp cản trước (màu Xanh biển),2.123.280,https://danang.toyota.com.vn/uploads/others/op-can-truoc-mau-xanh-bien-1728370092.jpg,https://danang.toyota.com.vn/uploads/others/op-can-truoc-mau-xanh-bien-1728370092.jpg,2026-05-14 09:26:14
Ốp cản trước (màu Ghi),1.899.720,https://danang.toyota.com.vn/uploads/others/op-can-truoc-mau-ghi-1728370115.jpg,https://danang.toyota.com.vn/uploads/others/op-can-truoc-mau-ghi-1728370115.jpg,2026-05-14 09:26:14
"Ốp cửa sau, màu Xanh biển",1.445.040,https://danang.toyota.com.vn/uploads/others/op-cua-sau-mau-xanh-bien-1728370134.jpg,https://danang.toyota.com.vn/uploads/others/op-cua-sau-mau-xanh-bien-1728370134.jpg,2026-05-14 09:26:14
Chụp ống xả (PZ056-0D007),313.500,https://danang.toyota.com.vn/uploads/others/chup-ong-xa-pz056-0d007-1728370167.jpg,https://danang.toyota.com.vn/uploads/others/chup-ong-xa-pz056-0d007-1728370167.jpg,2026-05-14 09:26:14
Bộ chén cửa - Vân Caro,332.640,https://danang.toyota.com.vn/uploads/others/bo-chen-cua-van-caro-1728370192.jpg,https://danang.toyota.com.vn/uploads/others/bo-chen-cua-van-caro-1728370192.jpg,2026-05-14 09:26:14
Bộ chén cửa - Vân Cacbon,350.784,https://danang.toyota.com.vn/uploads/others/bo-chen-cua-van-cacbon-1728370209.jpg,https://danang.toyota.com.vn/uploads/others/bo-chen-cua-van-cacbon-1728370209.jpg,2026-05-14 09:26:14
Vè che mưa (PC162-0D006),1.171.800,https://danang.toyota.com.vn/uploads/others/ve-che-mua-pc162-0d006-1728370250.jpg,https://danang.toyota.com.vn/uploads/others/ve-che-mua-pc162-0d006-1728370250.jpg,2026-05-14 09:26:14
Ốp viền cua bánh,1.314.576,https://danang.toyota.com.vn/uploads/others/op-vien-cua-banh-1728370275.jpg,https://danang.toyota.com.vn/uploads/others/op-vien-cua-banh-1728370275.jpg,2026-05-14 09:26:14
Ốp trang trí nóc xe,2.319.840,https://danang.toyota.com.vn/uploads/others/op-trang-tri-noc-xe-1728370300.jpg,https://danang.toyota.com.vn/uploads/others/op-trang-tri-noc-xe-1728370300.jpg,2026-05-14 09:26:14
Ốp hướng gió cản sau,1.978.128,https://danang.toyota.com.vn/uploads/others/op-huong-gio-can-sau-1728370328.jpg,https://danang.toyota.com.vn/uploads/others/op-huong-gio-can-sau-1728370328.jpg,2026-05-14 09:26:16
Ốp trang trí phía dưới cản sau,1.753.920,https://danang.toyota.com.vn/uploads/others/op-trang-tri-phia-duoi-can-sau-1728370364.jpg,https://danang.toyota.com.vn/uploads/others/op-trang-tri-phia-duoi-can-sau-1728370364.jpg,2026-05-14 09:26:16
Ốp trang trí sườn xe (Màu đen sần),841.968,https://danang.toyota.com.vn/uploads/others/op-trang-tri-suon-xe-mau-den-san-1728370390.jpg,https://danang.toyota.com.vn/uploads/others/op-trang-tri-suon-xe-mau-den-san-1728370390.jpg,2026-05-14 09:26:16
Bộ chén cửa mạ Chrome,897.480,https://danang.toyota.com.vn/uploads/others/bo-chen-cua-ma-chrome-1728370412.jpg,https://danang.toyota.com.vn/uploads/others/bo-chen-cua-ma-chrome-1728370412.jpg,2026-05-14 09:26:16
Bộ ốp tay cửa mạ Chrome,1.657.800,https://danang.toyota.com.vn/uploads/others/bo-op-tay-cua-ma-chrome-1728370433.png,https://danang.toyota.com.vn/uploads/others/bo-op-tay-cua-ma-chrome-1728370433.png,2026-05-14 09:26:16
Tấm nhựa bảo vệ hốc bánh (4 chiếc/ Bộ),2.503.440,https://danang.toyota.com.vn/uploads/others/tam-nhua-bao-ve-hoc-banh-4-chiec-bo-1728370463.jpg,https://danang.toyota.com.vn/uploads/others/tam-nhua-bao-ve-hoc-banh-4-chiec-bo-1728370463.jpg,2026-05-14 09:26:16
Chụp ống xả (PC413-0K001),427.900,https://danang.toyota.com.vn/uploads/others/chup-ong-xa-pc413-0k001-1728370511.jpg,https://danang.toyota.com.vn/uploads/others/chup-ong-xa-pc413-0k001-1728370511.jpg,2026-05-14 09:26:16
Ốp trang trí tai xe mạ Crôm (2 chiếc/ Bộ),459.360,https://danang.toyota.com.vn/uploads/others/op-trang-tri-tai-xe-ma-crom-2-chiec-bo-1728370537.jpg,https://danang.toyota.com.vn/uploads/others/op-trang-tri-tai-xe-ma-crom-2-chiec-bo-1728370537.jpg,2026-05-14 09:26:16
Ốp trang trí nóc xe (2 chiếc/ Bộ),3.621.240,https://danang.toyota.com.vn/uploads/others/op-trang-tri-noc-xe-2-chiec-bo-1728370561.jpg,https://danang.toyota.com.vn/uploads/others/op-trang-tri-noc-xe-2-chiec-bo-1728370561.jpg,2026-05-14 09:26:16
Vè che mưa (4 chiếc/ Bộ),1.401.840,https://danang.toyota.com.vn/uploads/others/ve-che-mua-4-chiec-bo-1728370600.jpg,https://danang.toyota.com.vn/uploads/others/ve-che-mua-4-chiec-bo-1728370600.jpg,2026-05-14 09:26:16
Ốp trang trí nắp Ca-pô mạ Crôm (2 chiếc/ Bộ) (PC401-0K001),388.800,https://danang.toyota.com.vn/uploads/others/op-trang-tri-nap-ca-po-ma-crom-2-chiec-bo-1728370623.jpg,https://danang.toyota.com.vn/uploads/others/op-trang-tri-nap-ca-po-ma-crom-2-chiec-bo-1728370623.jpg,2026-05-14 09:26:16
Ốp sườn xe (màu Đỏ) (2 bên),5.905.440,https://danang.toyota.com.vn/uploads/others/op-suon-xe-mau-do-2-ben-1728370641.jpg,https://danang.toyota.com.vn/uploads/others/op-suon-xe-mau-do-2-ben-1728370641.jpg,2026-05-14 09:26:16
Ốp sườn xe (màu Bạc) (2 bên),5.905.440,https://danang.toyota.com.vn/uploads/others/op-suon-xe-mau-bac-2-ben-1728370663.jpg,https://danang.toyota.com.vn/uploads/others/op-suon-xe-mau-bac-2-ben-1728370663.jpg,2026-05-14 09:26:17
Ốp viền cua bánh (màu Bạc) (4 chiếc/ Bộ),3.540.672,https://danang.toyota.com.vn/uploads/others/op-vien-cua-banh-mau-bac-4-chiec-bo-1728370712.jpg,https://danang.toyota.com.vn/uploads/others/op-vien-cua-banh-mau-bac-4-chiec-bo-1728370712.jpg,2026-05-14 09:26:17
Ốp viền cua bánh (màu Đỏ) (4 chiếc/ Bộ),5.901.120,https://danang.toyota.com.vn/uploads/others/op-vien-cua-banh-mau-do-4-chiec-bo-1728370735.jpg,https://danang.toyota.com.vn/uploads/others/op-vien-cua-banh-mau-do-4-chiec-bo-1728370735.jpg,2026-05-14 09:26:17
Viền trang trí đèn pha mạ Crôm (HAL) (2 chiếc/ Bộ),1.715.040,https://danang.toyota.com.vn/uploads/others/vien-trang-tri-den-pha-ma-crom-hal-2-chiec-bo-1728370755.jpg,https://danang.toyota.com.vn/uploads/others/vien-trang-tri-den-pha-ma-crom-hal-2-chiec-bo-1728370755.jpg,2026-05-14 09:26:17
Viền đèn sương mù mạ Crôm (2 chiếc/ Bộ),2.365.200,https://danang.toyota.com.vn/uploads/others/vien-den-suong-mu-ma-crom-2-chiec-bo-1728370776.jpg,https://danang.toyota.com.vn/uploads/others/vien-den-suong-mu-ma-crom-2-chiec-bo-1728370776.jpg,2026-05-14 09:26:17
Ốp lưới tản nhiệt đầu xe mạ Crôm,2.503.440,https://danang.toyota.com.vn/uploads/others/op-luoi-tan-nhiet-dau-xe-ma-crom-1728370796.jpg,https://danang.toyota.com.vn/uploads/others/op-luoi-tan-nhiet-dau-xe-ma-crom-1728370796.jpg,2026-05-14 09:26:17
Ốp trang trí phía dưới cản trước (màu Bạc),8.857.080,https://danang.toyota.com.vn/uploads/others/op-trang-tri-phia-duoi-can-truoc-mau-bac-1728370842.jpg,https://danang.toyota.com.vn/uploads/others/op-trang-tri-phia-duoi-can-truoc-mau-bac-1728370842.jpg,2026-05-14 09:26:17
Ốp trang trí phía dưới cản trước (màu Đỏ),8.857.080,https://danang.toyota.com.vn/uploads/others/op-trang-tri-phia-duoi-can-truoc-mau-do-1728370860.jpg,https://danang.toyota.com.vn/uploads/others/op-trang-tri-phia-duoi-can-truoc-mau-do-1728370860.jpg,2026-05-14 09:26:17
Vành đúc 17 (1 chiếc),7.739.600,https://danang.toyota.com.vn/uploads/others/vanh-duc-17-1-chiec-1728370883.jpg,https://danang.toyota.com.vn/uploads/others/vanh-duc-17-1-chiec-1728370883.jpg,2026-05-14 09:26:17
Bộ ốp tay cửa mạ Crôm - 4 cửa (Có viền mạ Crôm),1.989.360,https://danang.toyota.com.vn/uploads/others/bo-op-tay-cua-ma-crom-4-cua-co-vien-ma-crom-1728370924.png,https://danang.toyota.com.vn/uploads/others/bo-op-tay-cua-ma-crom-4-cua-co-vien-ma-crom-1728370924.png,2026-05-14 09:26:17
Ốp trang trí tai xe mạ Crôm (2 chiếc/ Bộ) (PC403-0K001),689.472,https://danang.toyota.com.vn/uploads/others/op-trang-tri-tai-xe-ma-crom-2-chiec-bo-1728370959.png,https://danang.toyota.com.vn/uploads/others/op-trang-tri-tai-xe-ma-crom-2-chiec-bo-1728370959.png,2026-05-14 09:26:17
Ốp trang trí nắp Ca-pô mạ Crôm (2 chiếc/ Bộ) (PC401-0K001),583.200,https://danang.toyota.com.vn/uploads/others/op-trang-tri-nap-ca-po-ma-crom-2-chiec-bo-pc401-0k001-1728371019.png,https://danang.toyota.com.vn/uploads/others/op-trang-tri-nap-ca-po-ma-crom-2-chiec-bo-pc401-0k001-1728371019.png,2026-05-14 09:26:17
Bộ ốp tay cửa mạ Crôm - 4 cửa (Chỉ có Chén cửa),724.680,https://danang.toyota.com.vn/uploads/others/bo-op-tay-cua-ma-crom-4-cua-chi-co-chen-cua-1728371061.png,https://danang.toyota.com.vn/uploads/others/bo-op-tay-cua-ma-crom-4-cua-chi-co-chen-cua-1728371061.png,2026-05-14 09:26:18
Viền trang trí đèn hậu mạ Crôm (2 chiếc/ Bộ),1.099.008,https://danang.toyota.com.vn/uploads/others/vien-trang-tri-den-hau-ma-crom-2-chiec-bo-1728371218.jpg,https://danang.toyota.com.vn/uploads/others/vien-trang-tri-den-hau-ma-crom-2-chiec-bo-1728371218.jpg,2026-05-14 09:26:18
Viền trang trí đèn pha mạ Crôm (LED) (2 chiếc/ Bộ),1.694.520,https://danang.toyota.com.vn/images/404-server.png,https://danang.toyota.com.vn/images/404-server.png,2026-05-14 09:26:18
Ốp trang trí cản trước mạ crom,2.301.480,https://danang.toyota.com.vn/uploads/others/op-trang-tri-can-truoc-ma-crom-1728371269.png,https://danang.toyota.com.vn/uploads/others/op-trang-tri-can-truoc-ma-crom-1728371269.png,2026-05-14 09:26:18
Vè che mưa (PC162-06001),3.157.920,https://danang.toyota.com.vn/uploads/others/ve-che-mua-pc162-06001-1728371305.png,https://danang.toyota.com.vn/uploads/others/ve-che-mua-pc162-06001-1728371305.png,2026-05-14 09:26:18
Ốp trang trí hõm cửa vân cacbon (1 bộ - 4 chiếc),902.880,https://danang.toyota.com.vn/uploads/others/op-trang-tri-hom-cua-van-cacbon-1-bo-4-chiec-1728371328.png,https://danang.toyota.com.vn/uploads/others/op-trang-tri-hom-cua-van-cacbon-1-bo-4-chiec-1728371328.png,2026-05-14 09:26:18
Tấm phim bảo vệ hõm cửa,351.000,https://danang.toyota.com.vn/uploads/others/tam-phim-bao-ve-hom-cua-1728371369.png,https://danang.toyota.com.vn/uploads/others/tam-phim-bao-ve-hom-cua-1728371369.png,2026-05-14 09:26:18
Ốp trang trí cản sau mạ crom,3.162.240,https://danang.toyota.com.vn/uploads/others/op-trang-tri-can-sau-ma-crom-1728371390.png,https://danang.toyota.com.vn/uploads/others/op-trang-tri-can-sau-ma-crom-1728371390.png,2026-05-14 09:26:18
Ốp trang trí sườn xe mạ crom,3.951.720,https://danang.toyota.com.vn/uploads/others/op-trang-tri-suon-xe-ma-crom-1728371411.jpg,https://danang.toyota.com.vn/uploads/others/op-trang-tri-suon-xe-ma-crom-1728371411.jpg,2026-05-14 09:26:18
Ốp trang trí cửa khoang hành lý,1.608.200,https://danang.toyota.com.vn/uploads/others/op-trang-tri-cua-khoang-hanh-ly-1728371432.png,https://danang.toyota.com.vn/uploads/others/op-trang-tri-cua-khoang-hanh-ly-1728371432.png,2026-05-14 09:26:18
Chụp ống xả (PS413-BZ002),347.160,https://danang.toyota.com.vn/uploads/others/chup-ong-xa-ps413-bz002-1728371521.jpg,https://danang.toyota.com.vn/uploads/others/chup-ong-xa-ps413-bz002-1728371521.jpg,2026-05-14 09:26:18
Ốp hõm cửa cao su,1.180.440,https://danang.toyota.com.vn/uploads/others/op-hom-cua-cao-su-1728371559.jpg,https://danang.toyota.com.vn/uploads/others/op-hom-cua-cao-su-1728371559.jpg,2026-05-14 09:26:18
Biểu tượng chữ Corolla Cross phía trước (mạ Crôm),987.120,https://danang.toyota.com.vn/uploads/others/bieu-tuong-chu-corolla-cross-phia-truoc-ma-crom-1728380614.png,https://danang.toyota.com.vn/uploads/others/bieu-tuong-chu-corolla-cross-phia-truoc-ma-crom-1728380614.png,2026-05-14 09:26:19
Biểu tượng chữ Corolla Cross phía trước (màu đen),987.120,https://danang.toyota.com.vn/uploads/others/bieu-tuong-chu-corolla-cross-phia-truoc-mau-den-1728371637.png,https://danang.toyota.com.vn/uploads/others/bieu-tuong-chu-corolla-cross-phia-truoc-mau-den-1728371637.png,2026-05-14 09:26:19
Phim dán bảo vệ hõm cửa (PC186-0A001),427.680,https://danang.toyota.com.vn/uploads/others/phim-dan-bao-ve-hom-cua-pc186-0a001-1728371665.png,https://danang.toyota.com.vn/uploads/others/phim-dan-bao-ve-hom-cua-pc186-0a001-1728371665.png,2026-05-14 09:26:19
Viền trang trí đèn hậu mạ Crôm (2 chiếc/ Bộ) (PC405-0K005),732.960,https://danang.toyota.com.vn/images/404-server.png,https://danang.toyota.com.vn/images/404-server.png,2026-05-14 09:26:19
"Biểu tượng Yaris Cross, Crôm",987.120,https://danang.toyota.com.vn/uploads/others/bieu-tuong-yaris-cross-crom-1728371804.jpg,https://danang.toyota.com.vn/uploads/others/bieu-tuong-yaris-cross-crom-1728371804.jpg,2026-05-14 09:26:19
"Biểu tượng Yaris Cross, đen",987.120,https://danang.toyota.com.vn/uploads/others/bieu-tuong-yaris-cross-den-1728371826.jpg,https://danang.toyota.com.vn/uploads/others/bieu-tuong-yaris-cross-den-1728371826.jpg,2026-05-14 09:26:19
"Ốp lưới tản nhiệt phía trước, Crôm đen",1.524.960,https://danang.toyota.com.vn/uploads/others/op-luoi-tan-nhiet-phia-truoc-crom-den-1728371847.jpg,https://danang.toyota.com.vn/uploads/others/op-luoi-tan-nhiet-phia-truoc-crom-den-1728371847.jpg,2026-05-14 09:26:19
"Ốp cửa sau, Crôm đen",1.735.560,https://danang.toyota.com.vn/uploads/others/op-cua-sau-crom-den-1728371868.jpg,https://danang.toyota.com.vn/uploads/others/op-cua-sau-crom-den-1728371868.jpg,2026-05-14 09:26:19
Cánh hướng gió sau - Màu đen,1.126.224,https://danang.toyota.com.vn/uploads/others/canh-huong-gio-sau-mau-den-1728371908.jpg,https://danang.toyota.com.vn/uploads/others/canh-huong-gio-sau-mau-den-1728371908.jpg,2026-05-14 09:26:19
Ốp trang trí đèn hậu mạ Chrome,841.968,https://danang.toyota.com.vn/uploads/others/op-trang-tri-den-hau-ma-chrome-1728371951.jpg,https://danang.toyota.com.vn/uploads/others/op-trang-tri-den-hau-ma-chrome-1728371951.jpg,2026-05-14 09:26:19
Ốp trang trí cửa khoang hành lý mạ Chrome,629.424,https://danang.toyota.com.vn/uploads/others/op-trang-tri-cua-khoang-hanh-ly-ma-chrome-1728371996.jpg,https://danang.toyota.com.vn/uploads/others/op-trang-tri-cua-khoang-hanh-ly-ma-chrome-1728371996.jpg,2026-05-14 09:26:19
Vè che mưa (PC162-0D00B),1.057.320,https://danang.toyota.com.vn/uploads/others/ve-che-mua-pc162-0d00b-1728372031.jpg,https://danang.toyota.com.vn/uploads/others/ve-che-mua-pc162-0d00b-1728372031.jpg,2026-05-14 09:26:19
Cánh hướng gió sau - Chưa sơn,1.470.960,https://danang.toyota.com.vn/uploads/others/canh-huong-gio-sau-chua-son-1728372085.jpg,https://danang.toyota.com.vn/uploads/others/canh-huong-gio-sau-chua-son-1728372085.jpg,2026-05-14 09:26:21
Khay hành lý (PS241-BY004),686.880,https://danang.toyota.com.vn/uploads/others/khay-hanh-ly-1728372167.png,https://danang.toyota.com.vn/uploads/others/khay-hanh-ly-1728372167.png,2026-05-14 09:26:21
Khay hành lý (PS241-BZ001),762.480,https://danang.toyota.com.vn/uploads/others/khay-hanh-ly-ps241-bz001-1728372223.jpg,https://danang.toyota.com.vn/uploads/others/khay-hanh-ly-ps241-bz001-1728372223.jpg,2026-05-14 09:26:21
Khay hành lý (PC241-0K002),746.280,https://danang.toyota.com.vn/uploads/others/khay-hanh-ly-pc241-0k002-1728372260.jpg,https://danang.toyota.com.vn/uploads/others/khay-hanh-ly-pc241-0k002-1728372260.jpg,2026-05-14 09:26:21
Tựa lưng ghế (màu Đen),4.401.000,https://danang.toyota.com.vn/uploads/others/tua-lung-ghe-mau-den-1728372278.jpg,https://danang.toyota.com.vn/uploads/others/tua-lung-ghe-mau-den-1728372278.jpg,2026-05-14 09:26:21
Tựa lưng ghế (màu Be),4.401.000,https://danang.toyota.com.vn/uploads/others/tua-lung-ghe-mau-be-1728372295.jpg,https://danang.toyota.com.vn/uploads/others/tua-lung-ghe-mau-be-1728372295.jpg,2026-05-14 09:26:21
Khay hành lý ốp ghế sau,1.335.960,https://danang.toyota.com.vn/uploads/others/khay-hanh-ly-op-ghe-sau-1728372327.png,https://danang.toyota.com.vn/uploads/others/khay-hanh-ly-op-ghe-sau-1728372327.png,2026-05-14 09:26:21
Ốp chống trầy cốp sau,1.258.400,https://danang.toyota.com.vn/uploads/others/op-chong-tray-cop-sau-1728372365.png,https://danang.toyota.com.vn/uploads/others/op-chong-tray-cop-sau-1728372365.png,2026-05-14 09:26:21
Ốp bậc lên xuống không đèn,2.578.400,https://danang.toyota.com.vn/uploads/others/op-bac-len-xuong-khong-den-1728372394.jpg,https://danang.toyota.com.vn/uploads/others/op-bac-len-xuong-khong-den-1728372394.jpg,2026-05-14 09:26:21
Khay hành lý (P9246-0KA01),1.026.000,https://danang.toyota.com.vn/uploads/others/khay-hanh-ly-p9246-0ka01-1728372415.jpg,https://danang.toyota.com.vn/uploads/others/khay-hanh-ly-p9246-0ka01-1728372415.jpg,2026-05-14 09:26:21
Ốp bậc lên xuống 4 cửa (không đèn),1.943.700,https://danang.toyota.com.vn/uploads/others/op-bac-len-xuong-4-cua-khong-den-1728372445.jpg,https://danang.toyota.com.vn/uploads/others/op-bac-len-xuong-4-cua-khong-den-1728372445.jpg,2026-05-14 09:26:21
Ốp bậc lên xuống bảo vệ cản sau,1.498.200,https://danang.toyota.com.vn/uploads/others/op-bac-len-xuong-bao-ve-can-sau-1728372461.jpg,https://danang.toyota.com.vn/uploads/others/op-bac-len-xuong-bao-ve-can-sau-1728372461.jpg,2026-05-14 09:26:21
Bọc phanh tay bằng da viền chỉ đỏ,150.984,https://danang.toyota.com.vn/uploads/others/boc-phanh-tay-bang-da-vien-chi-do-1728372500.jpg,https://danang.toyota.com.vn/uploads/others/boc-phanh-tay-bang-da-vien-chi-do-1728372500.jpg,2026-05-14 09:26:22
Ốp trang trí bậc nghỉ tay - Màu đỏ,403.488,https://danang.toyota.com.vn/uploads/others/op-trang-tri-bac-nghi-tay-mau-do-1728372522.jpg,https://danang.toyota.com.vn/uploads/others/op-trang-tri-bac-nghi-tay-mau-do-1728372522.jpg,2026-05-14 09:26:22
Ốp trang trí bậc nghỉ tay - Màu vàng hồng,384.912,https://danang.toyota.com.vn/uploads/others/op-trang-tri-bac-nghi-tay-mau-vang-hong-1728372545.png,https://danang.toyota.com.vn/uploads/others/op-trang-tri-bac-nghi-tay-mau-vang-hong-1728372545.png,2026-05-14 09:26:22
Bộ ốp trang trí Táp-lô - Màu Đỏ,502.200,https://danang.toyota.com.vn/uploads/others/bo-op-trang-tri-tap-lo-mau-do-1728372562.jpg,https://danang.toyota.com.vn/uploads/others/bo-op-trang-tri-tap-lo-mau-do-1728372562.jpg,2026-05-14 09:26:22
Bộ ốp trang trí Táp-lô - Màu Vàng hồng,150.768,https://danang.toyota.com.vn/uploads/others/bo-op-trang-tri-tap-lo-mau-vang-hong-1728372584.jpg,https://danang.toyota.com.vn/uploads/others/bo-op-trang-tri-tap-lo-mau-vang-hong-1728372584.jpg,2026-05-14 09:26:22
Ốp bậc lên xuống (Không đèn) (PC382-0D006),1.113.200,https://danang.toyota.com.vn/uploads/others/op-bac-len-xuong-khong-den-pc382-0d006-1728372613.jpg,https://danang.toyota.com.vn/uploads/others/op-bac-len-xuong-khong-den-pc382-0d006-1728372613.jpg,2026-05-14 09:26:22
Ốp bậc lên xuống (Không đèn) (PC382-0D007),1.194.600,https://danang.toyota.com.vn/uploads/others/op-bac-len-xuong-khong-den-pc382-0d007-1728372656.jpg,https://danang.toyota.com.vn/uploads/others/op-bac-len-xuong-khong-den-pc382-0d007-1728372656.jpg,2026-05-14 09:26:22
Khay hành lý (PC246-0D004),956.880,https://danang.toyota.com.vn/uploads/others/khay-hanh-ly-pc246-0d004-1728372689.jpg,https://danang.toyota.com.vn/uploads/others/khay-hanh-ly-pc246-0d004-1728372689.jpg,2026-05-14 09:26:22
Ốp bậc lên xuống không đèn (PC382-0K004),2.140.600,https://danang.toyota.com.vn/uploads/others/op-bac-len-xuong-khong-den-pc382-0k004-1728372733.jpg,https://danang.toyota.com.vn/uploads/others/op-bac-len-xuong-khong-den-pc382-0k004-1728372733.jpg,2026-05-14 09:26:22
Ốp bậc lên xuống (4 chiếc/ Bộ),2.237.400,https://danang.toyota.com.vn/uploads/others/op-bac-len-xuong-4-chiec-bo-1728372770.png,https://danang.toyota.com.vn/uploads/others/op-bac-len-xuong-4-chiec-bo-1728372770.png,2026-05-14 09:26:22
Khay hành lý (PC246-0K002),906.120,https://danang.toyota.com.vn/uploads/others/khay-hanh-ly-pc246-0k002-1728372806.png,https://danang.toyota.com.vn/uploads/others/khay-hanh-ly-pc246-0k002-1728372806.png,2026-05-14 09:26:22
Khay hành lý (PC241-12001),1.180.440,https://danang.toyota.com.vn/uploads/others/khay-hanh-ly-pc241-12001-1728372850.png,https://danang.toyota.com.vn/uploads/others/khay-hanh-ly-pc241-12001-1728372850.png,2026-05-14 09:26:22
Ốp bậc lên xuống 4 cửa (đen),3.631.100,https://danang.toyota.com.vn/uploads/others/op-bac-len-xuong-4-cua-den-1728372868.png,https://danang.toyota.com.vn/uploads/others/op-bac-len-xuong-4-cua-den-1728372868.png,2026-05-14 09:26:23
Ốp bậc lên xuống 4 cửa (PC382-12001),1.898.600,https://danang.toyota.com.vn/uploads/others/op-bac-len-xuong-4-cua-pc382-12001-1728372902.jpg,https://danang.toyota.com.vn/uploads/others/op-bac-len-xuong-4-cua-pc382-12001-1728372902.jpg,2026-05-14 09:26:23
Ốp bậc lên xuống 4 cửa (PS382-BZ004),683.760,https://danang.toyota.com.vn/uploads/others/op-bac-len-xuong-4-cua-ps382-bz004-1728372943.jpg,https://danang.toyota.com.vn/uploads/others/op-bac-len-xuong-4-cua-ps382-bz004-1728372943.jpg,2026-05-14 09:26:23
Ốp bậc lên xuống cửa hậu,590.700,https://danang.toyota.com.vn/uploads/others/op-bac-len-xuong-cua-hau-1728372964.jpg,https://danang.toyota.com.vn/uploads/others/op-bac-len-xuong-cua-hau-1728372964.jpg,2026-05-14 09:26:23
Ốp bậc lên xuống 4 cửa (PC382-0K01J),2.088.900,https://danang.toyota.com.vn/uploads/others/op-bac-len-xuong-4-cua-pc382-0k01j-1728373055.jpg,https://danang.toyota.com.vn/uploads/others/op-bac-len-xuong-4-cua-pc382-0k01j-1728373055.jpg,2026-05-14 09:26:23
Ốp chống trầy cốp sau (PC382-0K01K),1.323.300,https://danang.toyota.com.vn/uploads/others/op-chong-tray-cop-sau-pc382-0k01k-1728373085.jpg,https://danang.toyota.com.vn/uploads/others/op-chong-tray-cop-sau-pc382-0k01k-1728373085.jpg,2026-05-14 09:26:23
Camera hành trình trước Gen 3,3.789.720,https://danang.toyota.com.vn/uploads/others/camera-hanh-trinh-truoc-gen-3-1728373133.jpg,https://danang.toyota.com.vn/uploads/others/camera-hanh-trinh-truoc-gen-3-1728373133.jpg,2026-05-14 09:26:23
Gập gương tự động,2.327.400,https://danang.toyota.com.vn/uploads/others/gap-guong-tu-dong-1728373151.png,https://danang.toyota.com.vn/uploads/others/gap-guong-tu-dong-1728373151.png,2026-05-14 09:26:23
Camera hành trình trước (Xem qua App),3.982.000,https://danang.toyota.com.vn/uploads/others/camera-hanh-trinh-truoc-xem-qua-app-1728373187.png,https://danang.toyota.com.vn/uploads/others/camera-hanh-trinh-truoc-xem-qua-app-1728373187.png,2026-05-14 09:26:23
Camera hành trình trước sau Gen 3,6.757.300,https://danang.toyota.com.vn/uploads/others/camera-hanh-trinh-truoc-sau-gen-3-1728373205.png,https://danang.toyota.com.vn/uploads/others/camera-hanh-trinh-truoc-sau-gen-3-1728373205.png,2026-05-14 09:26:23
Còi cao cấp (HEV),1.994.760,https://danang.toyota.com.vn/uploads/others/coi-cao-cap-hev-1728373223.jpg,https://danang.toyota.com.vn/uploads/others/coi-cao-cap-hev-1728373223.jpg,2026-05-14 09:26:23
Gương điện chống chói,8.355.960,https://danang.toyota.com.vn/uploads/others/guong-dien-chong-choi-1728373238.jpg,https://danang.toyota.com.vn/uploads/others/guong-dien-chong-choi-1728373238.jpg,2026-05-14 09:26:23
Camera hành trình trước và sau,5.901.500,https://danang.toyota.com.vn/uploads/others/camera-hanh-trinh-truoc-va-sau-1728373255.jpg,https://danang.toyota.com.vn/uploads/others/camera-hanh-trinh-truoc-va-sau-1728373255.jpg,2026-05-14 09:26:25
Máy lọc không khí Ion âm,1.907.280,https://danang.toyota.com.vn/uploads/others/may-loc-khong-khi-ion-am-1728373279.jpg,https://danang.toyota.com.vn/uploads/others/may-loc-khong-khi-ion-am-1728373279.jpg,2026-05-14 09:26:25
Máy lọc không khí Ion âm (PC5B0-0D001),1.725.840,https://danang.toyota.com.vn/uploads/others/may-loc-khong-khi-ion-am-pc5b0-0d001-1728373313.jpg,https://danang.toyota.com.vn/uploads/others/may-loc-khong-khi-ion-am-pc5b0-0d001-1728373313.jpg,2026-05-14 09:26:25
Hỗ trợ đóng thùng sau,1.861.920,https://danang.toyota.com.vn/uploads/others/ho-tro-dong-thung-sau-1728373330.jpg,https://danang.toyota.com.vn/uploads/others/ho-tro-dong-thung-sau-1728373330.jpg,2026-05-14 09:26:25
Hỗ trợ mở nắp capo,2.579.040,https://danang.toyota.com.vn/uploads/others/ho-tro-mo-nap-capo-1728373345.jpg,https://danang.toyota.com.vn/uploads/others/ho-tro-mo-nap-capo-1728373345.jpg,2026-05-14 09:26:25
Bộ hiển thị tốc độ,2.221.560,https://danang.toyota.com.vn/uploads/others/bo-hien-thi-toc-do-1728373370.jpg,https://danang.toyota.com.vn/uploads/others/bo-hien-thi-toc-do-1728373370.jpg,2026-05-14 09:26:25
Máy lọc không khí Ion âm (PC5B0-0K001),2.587.680,https://danang.toyota.com.vn/uploads/others/may-loc-khong-khi-ion-am-pc5b0-0k001-1728373396.png,https://danang.toyota.com.vn/uploads/others/may-loc-khong-khi-ion-am-pc5b0-0k001-1728373396.png,2026-05-14 09:26:25
Gập gương tự động (PC642-0K002),2.833.920,https://danang.toyota.com.vn/uploads/others/gap-guong-tu-dong-pc642-0k002-1728373455.png,https://danang.toyota.com.vn/uploads/others/gap-guong-tu-dong-pc642-0k002-1728373455.png,2026-05-14 09:26:25
Bộ đèn sàn (4 đèn),1.208.304,https://danang.toyota.com.vn/uploads/others/bo-den-san-4-den-1728373476.png,https://danang.toyota.com.vn/uploads/others/bo-den-san-4-den-1728373476.png,2026-05-14 09:26:25
Còi xe cao cấp (2 chiếc/ Bộ),1.233.360,https://danang.toyota.com.vn/uploads/others/coi-xe-cao-cap-2-chiec-bo-1728373494.png,https://danang.toyota.com.vn/uploads/others/coi-xe-cao-cap-2-chiec-bo-1728373494.png,2026-05-14 09:26:25
Đèn cửa hiện chữ (1 đèn/ Bộ),606.528,https://danang.toyota.com.vn/uploads/others/den-cua-hien-chu-1-den-bo-1728373520.png,https://danang.toyota.com.vn/uploads/others/den-cua-hien-chu-1-den-bo-1728373520.png,2026-05-14 09:26:25
Sạc không dây,3.789.500,https://danang.toyota.com.vn/uploads/others/sac-khong-day-1728373538.jpg,https://danang.toyota.com.vn/uploads/others/sac-khong-day-1728373538.jpg,2026-05-14 09:26:25
Sạc không dây (PC5C1-12006),2.581.920,https://danang.toyota.com.vn/uploads/others/sac-khong-day-pc5c1-12006-1728373568.png,https://danang.toyota.com.vn/uploads/others/sac-khong-day-pc5c1-12006-1728373568.png,2026-05-14 09:26:26
Còi xe cao cấp,1.743.120,https://danang.toyota.com.vn/uploads/others/coi-xe-cao-cap-1728373589.png,https://danang.toyota.com.vn/uploads/others/coi-xe-cao-cap-1728373589.png,2026-05-14 09:26:26
Đá cốp,8.186.400,https://danang.toyota.com.vn/uploads/others/da-cop-1728373609.png,https://danang.toyota.com.vn/uploads/others/da-cop-1728373609.png,2026-05-14 09:26:26
Ốp cột chữ C (mạ Crôm),2.434.320,https://danang.toyota.com.vn/uploads/others/op-cot-chu-c-ma-crom-1728373667.jpg,https://danang.toyota.com.vn/uploads/others/op-cot-chu-c-ma-crom-1728373667.jpg,2026-05-14 09:26:26
Ốp cản sau (mạ Crôm),2.437.560,https://danang.toyota.com.vn/uploads/others/op-can-sau-ma-crom-1728373686.jpg,https://danang.toyota.com.vn/uploads/others/op-can-sau-ma-crom-1728373686.jpg,2026-05-14 09:26:26
Ốp cản trước (mạ Crôm),2.581.200,https://danang.toyota.com.vn/uploads/others/op-can-truoc-ma-crom-1728373702.jpg,https://danang.toyota.com.vn/uploads/others/op-can-truoc-ma-crom-1728373702.jpg,2026-05-14 09:26:26
Ốp trang trí lưới tản nhiệt (mạ Crôm),2.156.760,https://danang.toyota.com.vn/uploads/others/op-trang-tri-luoi-tan-nhiet-ma-crom-1728373719.jpg,https://danang.toyota.com.vn/uploads/others/op-trang-tri-luoi-tan-nhiet-ma-crom-1728373719.jpg,2026-05-14 09:26:26
Bộ dụng cụ khẩn cấp (túi vải),3.393.360,https://danang.toyota.com.vn/uploads/others/bo-dung-cu-khan-cap-tui-vai-1728379746.png,https://danang.toyota.com.vn/uploads/others/bo-dung-cu-khan-cap-tui-vai-1728379746.png,2026-05-14 09:26:26
Khay hành lý,1.260.360,https://danang.toyota.com.vn/uploads/others/khay-hanh-ly-1728380300.jpg,https://danang.toyota.com.vn/uploads/others/khay-hanh-ly-1728380300.jpg,2026-05-14 09:26:26
Còi xe cao cấp,1.764.720,https://danang.toyota.com.vn/uploads/others/coi-xe-cao-cap-1728380549.jpg,https://danang.toyota.com.vn/uploads/others/coi-xe-cao-cap-1728380549.jpg,2026-05-14 09:26:26
Còi cao cấp (GAS),1.994.760,https://danang.toyota.com.vn/uploads/others/coi-cao-cap-gas-1728381343.jpg,https://danang.toyota.com.vn/uploads/others/coi-cao-cap-gas-1728381343.jpg,2026-05-14 09:26:26
Bạt phủ xe (PC372-06002),2.202.120,https://danang.toyota.com.vn/uploads/others/bat-phu-xe-1729732550.jpg,https://danang.toyota.com.vn/uploads/others/bat-phu-xe-1729732550.jpg,2026-05-14 09:26:26
Chắn nắng trước,699.840,https://danang.toyota.com.vn/uploads/others/chan-nang-truoc-1729732569.jpg,https://danang.toyota.com.vn/uploads/others/chan-nang-truoc-1729732569.jpg,2026-05-14 09:26:27
Vè che mưa,4.430.160,https://danang.toyota.com.vn/uploads/others/ve-che-mua-1729732677.png,https://danang.toyota.com.vn/uploads/others/ve-che-mua-1729732677.png,2026-05-14 09:26:27
Ốp trang trí cản trước mạ Crom,3.053.160,https://danang.toyota.com.vn/uploads/others/op-trang-tri-can-truoc-ma-crom-1729732696.jpg,https://danang.toyota.com.vn/uploads/others/op-trang-tri-can-truoc-ma-crom-1729732696.jpg,2026-05-14 09:26:27
Ốp cản sau (mạ Crôm),3.174.120,https://danang.toyota.com.vn/uploads/others/op-can-sau-ma-crom-1729732711.png,https://danang.toyota.com.vn/uploads/others/op-can-sau-ma-crom-1729732711.png,2026-05-14 09:26:27
Ốp hướng gió khoang hành lý (chưa sơn) (PC150-06008-00),10.072.080,https://danang.toyota.com.vn/uploads/others/op-huong-gio-khoang-hanh-ly-chua-son-1729732729.jpg,https://danang.toyota.com.vn/uploads/others/op-huong-gio-khoang-hanh-ly-chua-son-1729732729.jpg,2026-05-14 09:26:27
Khay hành lý (PC241-06004),2.904.120,https://danang.toyota.com.vn/uploads/others/khay-hanh-ly-1729732885.jpg,https://danang.toyota.com.vn/uploads/others/khay-hanh-ly-1729732885.jpg,2026-05-14 09:26:27
Đá cốp,7.873.200,https://danang.toyota.com.vn/uploads/others/da-cop-1729732930.jpg,https://danang.toyota.com.vn/uploads/others/da-cop-1729732930.jpg,2026-05-14 09:26:27
Viền trang trí đèn hậu (mạ Crôm) (2 chiếc/ Bộ),1.194.480,https://danang.toyota.com.vn/uploads/others/vien-trang-tri-den-hau-ma-crom-2-chiec-bo-1730969453.jpg,https://danang.toyota.com.vn/uploads/others/vien-trang-tri-den-hau-ma-crom-2-chiec-bo-1730969453.jpg,2026-05-14 09:26:27
Bộ ốp sườn xe mạ Chrome (2 bên),1.759.968,https://danang.toyota.com.vn/uploads/others/bo-op-suon-xe-ma-chrome-2-ben-1730969486.png,https://danang.toyota.com.vn/uploads/others/bo-op-suon-xe-ma-chrome-2-ben-1730969486.png,2026-05-14 09:26:27
Bộ ốp sườn xe (Màu ghi xám) (2 bên),2.009.232,https://danang.toyota.com.vn/uploads/others/bo-op-suon-xe-mau-ghi-xam-2-ben-1730969514.png,https://danang.toyota.com.vn/uploads/others/bo-op-suon-xe-mau-ghi-xam-2-ben-1730969514.png,2026-05-14 09:26:27
Bộ tem trang trí sườn xe,1.681.776,https://danang.toyota.com.vn/uploads/others/bo-tem-trang-tri-suon-xe-1730969544.png,https://danang.toyota.com.vn/uploads/others/bo-tem-trang-tri-suon-xe-1730969544.png,2026-05-14 09:26:27
Ốp trang trí nắp Ca-pô (Màu ghi xám),597.024,https://danang.toyota.com.vn/uploads/others/op-trang-tri-nap-ca-po-mau-ghi-xam-1730969584.png,https://danang.toyota.com.vn/uploads/others/op-trang-tri-nap-ca-po-mau-ghi-xam-1730969584.png,2026-05-14 09:26:27
Ốp trang trí biển số sau mạ Chrome,777.600,https://danang.toyota.com.vn/uploads/others/op-trang-tri-bien-so-sau-ma-chrome-1730969614.png,https://danang.toyota.com.vn/uploads/others/op-trang-tri-bien-so-sau-ma-chrome-1730969614.png,2026-05-14 09:26:28
Trang trí cản sau mạ Chrome,810.000,https://danang.toyota.com.vn/uploads/others/trang-tri-can-sau-ma-chrome-1730969648.png,https://danang.toyota.com.vn/uploads/others/trang-tri-can-sau-ma-chrome-1730969648.png,2026-05-14 09:26:28
Vè che mưa (4 chiếc/ Bộ),1.600.560,https://danang.toyota.com.vn/uploads/others/ve-che-mua-4-chiec-bo-1730969704.png,https://danang.toyota.com.vn/uploads/others/ve-che-mua-4-chiec-bo-1730969704.png,2026-05-14 09:26:28
"Biểu tượng Fortuner, crôm",1.405.080,https://danang.toyota.com.vn/uploads/others/bieu-tuong-fortuner-crom-1730969724.png,https://danang.toyota.com.vn/uploads/others/bieu-tuong-fortuner-crom-1730969724.png,2026-05-14 09:26:28
"Biểu tượng Fortuner, đen",1.405.080,https://danang.toyota.com.vn/uploads/others/bieu-tuong-fortuner-den-1730969740.png,https://danang.toyota.com.vn/uploads/others/bieu-tuong-fortuner-den-1730969740.png,2026-05-14 09:26:28
Bộ ốp tay cửa mạ Crôm - 4 cửa (Có viền mạ Chrome),1.937.520,https://danang.toyota.com.vn/uploads/others/bo-op-tay-cua-ma-crom-4-cua-co-vien-ma-chrome-1730969765.png,https://danang.toyota.com.vn/uploads/others/bo-op-tay-cua-ma-crom-4-cua-co-vien-ma-chrome-1730969765.png,2026-05-14 09:26:28
Ốp bậc lên xuống bảo vệ cản sau,1.645.600,https://danang.toyota.com.vn/uploads/others/op-bac-len-xuong-bao-ve-can-sau-1730969789.png,https://danang.toyota.com.vn/uploads/others/op-bac-len-xuong-bao-ve-can-sau-1730969789.png,2026-05-14 09:26:28
Bộ ốp tay cửa mạ Crôm - 4 cửa (Có viền màu đen),2.647.080,https://danang.toyota.com.vn/uploads/others/bo-op-tay-cua-ma-crom-4-cua-co-vien-mau-den-1730970195.jpg,https://danang.toyota.com.vn/uploads/others/bo-op-tay-cua-ma-crom-4-cua-co-vien-mau-den-1730970195.jpg,2026-05-14 09:26:28
Bạt phủ xe (PC557-12001-S1),2.202.120,https://danang.toyota.com.vn/uploads/others/bat-phu-xe-pc557-12001-s1-1754895517.jpg,https://danang.toyota.com.vn/uploads/others/bat-phu-xe-pc557-12001-s1-1754895517.jpg,2026-05-14 09:26:28
Ốp cản sau (mạ Crôm) (PC405-06001),3.174.120,https://danang.toyota.com.vn/uploads/others/op-can-sau-ma-crom-pc405-06001-1754895941.png,https://danang.toyota.com.vn/uploads/others/op-can-sau-ma-crom-pc405-06001-1754895941.png,2026-05-14 09:26:28
Ốp hướng gió khoang hành lý (chưa sơn),10.072.080,https://danang.toyota.com.vn/uploads/others/op-huong-gio-khoang-hanh-ly-chua-son-1754896248.jpg,https://danang.toyota.com.vn/uploads/others/op-huong-gio-khoang-hanh-ly-chua-son-1754896248.jpg,2026-05-14 09:26:28
